{
  "epoch": 1,
  "val_loss": 0.33559543846122525,
  "val_accuracy": 0.8996865203761756,
  "val_f1": 0.9029945885405795,
  "timestamp": "2025-04-11 19:44:01"
}