{
  "train_loss": [
    0.28325839173701345,
    0.09096969928913859,
    0.08991332660441188
  ],
  "val_loss": [
    0.16479024907108397,
    0.16479024907108397,
    0.16479024907108397
  ],
  "train_acc": [
    0.9049224016303495,
    0.9741338767831949,
    0.9746041699325914
  ],
  "val_acc": [
    0.96,
    0.96,
    0.96
  ],
  "train_f1": [
    0.9048578469526545,
    0.9741232611247864,
    0.9745842995437812
  ],
  "val_f1": [
    0.96,
    0.96,
    0.96
  ]
}