{
  "train_loss": [
    0.7570394922082887
  ],
  "val_loss": [
    0.33559543846122525
  ],
  "train_acc": [
    0.731974921630094
  ],
  "val_acc": [
    0.8996865203761756
  ],
  "train_f1": [
    0.7287450510331924
  ],
  "val_f1": [
    0.9029945885405795
  ]
}